{
  "classes":5,
  "label":[
    "0 - No DR",
    "1 - Mild",
    "2 - Moderate",
    "3 - Severe",
    "4 - Proliferative DR"],
  "mean":[
    108.64628601, 
    75.86886597, 
    54.34005737],
  "std":[
    70.53946096, 
    51.71475228, 
    43.03428563],
  "eigval":[
    1.65513492, 
    0.48450358, 
    0.1565086],
  "eigvec":[
    [-0.56543481, 0.71983482, 0.40240142],
    [-0.5989477, -0.02304967, -0.80036049],
    [-0.56694071, -0.6935729, 0.44423429]
  ],
  "weights_initial":[1.36,14.4,6.64,40.2,49.6],
  "weights_final":[1,2,2,2,2],
  "weights_ratio":0.975,
  "scale":[0.7,1.3],
  "multiscale":[0.75,1.25]
}
